stif_trip,stif_filename,stif_trip_record_line_num, Gtfs_Trip_1, Gtfs_Trip_2, Gtfs_Trip_3, Gtfs_Trip_4...
stif_trip,stif_filename,stif_trip_record_line_num, Gtfs_Trip_1, Gtfs_Trip_2, Gtfs_Trip_3, Gtfs_Trip_4...
stif_trip,stif_filename,stif_trip_record_line_num, Gtfs_Trip_1, Gtfs_Trip_2, Gtfs_Trip_3, Gtfs_Trip_4...
stif_trip,stif_filename,stif_trip_record_line_num, Gtfs_Trip_1, Gtfs_Trip_2, Gtfs_Trip_3, Gtfs_Trip_4...
stif_trip,stif_filename,stif_trip_record_line_num, Gtfs_Trip_1, Gtfs_Trip_2, Gtfs_Trip_3, Gtfs_Trip_4...
stif_trip,stif_filename,stif_trip_record_line_num, Gtfs_Trip_1, Gtfs_Trip_2, Gtfs_Trip_3, Gtfs_Trip_4...
stif_trip,stif_filename,stif_trip_record_line_num, Gtfs_Trip_1, Gtfs_Trip_2, Gtfs_Trip_3, Gtfs_Trip_4...
stif_trip,stif_filename,stif_trip_record_line_num, Gtfs_Trip_1, Gtfs_Trip_2, Gtfs_Trip_3, Gtfs_Trip_4...
stif_trip,stif_filename,stif_trip_record_line_num, Gtfs_Trip_1, Gtfs_Trip_2, Gtfs_Trip_3, Gtfs_Trip_4...
stif_trip,stif_filename,stif_trip_record_line_num, Gtfs_Trip_1, Gtfs_Trip_2, Gtfs_Trip_3, Gtfs_Trip_4...
stif_trip,stif_filename,stif_trip_record_line_num, Gtfs_Trip_1, Gtfs_Trip_2, Gtfs_Trip_3, Gtfs_Trip_4...
stif_trip,stif_filename,stif_trip_record_line_num, Gtfs_Trip_1, Gtfs_Trip_2, Gtfs_Trip_3, Gtfs_Trip_4...
stif_trip,stif_filename,stif_trip_record_line_num, Gtfs_Trip_1, Gtfs_Trip_2, Gtfs_Trip_3, Gtfs_Trip_4...
stif_trip,stif_filename,stif_trip_record_line_num, Gtfs_Trip_1, Gtfs_Trip_2, Gtfs_Trip_3, Gtfs_Trip_4...
stif_trip,stif_filename,stif_trip_record_line_num, Gtfs_Trip_1, Gtfs_Trip_2, Gtfs_Trip_3, Gtfs_Trip_4...
stif_trip,stif_filename,stif_trip_record_line_num, Gtfs_Trip_1, Gtfs_Trip_2, Gtfs_Trip_3, Gtfs_Trip_4...
stif_trip,stif_filename,stif_trip_record_line_num, Gtfs_Trip_1, Gtfs_Trip_2, Gtfs_Trip_3, Gtfs_Trip_4...
stif_trip,stif_filename,stif_trip_record_line_num, Gtfs_Trip_1, Gtfs_Trip_2, Gtfs_Trip_3, Gtfs_Trip_4...
stif_trip,stif_filename,stif_trip_record_line_num, Gtfs_Trip_1, Gtfs_Trip_2, Gtfs_Trip_3, Gtfs_Trip_4...
stif_trip,stif_filename,stif_trip_record_line_num, Gtfs_Trip_1, Gtfs_Trip_2, Gtfs_Trip_3, Gtfs_Trip_4...
stif_trip,stif_filename,stif_trip_record_line_num, Gtfs_Trip_1, Gtfs_Trip_2, Gtfs_Trip_3, Gtfs_Trip_4...
stif_trip,stif_filename,stif_trip_record_line_num, Gtfs_Trip_1, Gtfs_Trip_2, Gtfs_Trip_3, Gtfs_Trip_4...
stif_trip,stif_filename,stif_trip_record_line_num, Gtfs_Trip_1, Gtfs_Trip_2, Gtfs_Trip_3, Gtfs_Trip_4...
stif_trip,stif_filename,stif_trip_record_line_num, Gtfs_Trip_1, Gtfs_Trip_2, Gtfs_Trip_3, Gtfs_Trip_4...
stif_trip,stif_filename,stif_trip_record_line_num, Gtfs_Trip_1, Gtfs_Trip_2, Gtfs_Trip_3, Gtfs_Trip_4...
stif_trip,stif_filename,stif_trip_record_line_num, Gtfs_Trip_1, Gtfs_Trip_2, Gtfs_Trip_3, Gtfs_Trip_4...
stif_trip,stif_filename,stif_trip_record_line_num, Gtfs_Trip_1, Gtfs_Trip_2, Gtfs_Trip_3, Gtfs_Trip_4...
stif_trip,stif_filename,stif_trip_record_line_num, Gtfs_Trip_1, Gtfs_Trip_2, Gtfs_Trip_3, Gtfs_Trip_4...
stif_trip,stif_filename,stif_trip_record_line_num, Gtfs_Trip_1, Gtfs_Trip_2, Gtfs_Trip_3, Gtfs_Trip_4...
stif_trip,stif_filename,stif_trip_record_line_num, Gtfs_Trip_1, Gtfs_Trip_2, Gtfs_Trip_3, Gtfs_Trip_4...
stif_trip,stif_filename,stif_trip_record_line_num, Gtfs_Trip_1, Gtfs_Trip_2, Gtfs_Trip_3, Gtfs_Trip_4...
stif_trip,stif_filename,stif_trip_record_line_num, Gtfs_Trip_1, Gtfs_Trip_2, Gtfs_Trip_3, Gtfs_Trip_4...
stif_trip,stif_filename,stif_trip_record_line_num, Gtfs_Trip_1, Gtfs_Trip_2, Gtfs_Trip_3, Gtfs_Trip_4...
stif_trip,stif_filename,stif_trip_record_line_num, Gtfs_Trip_1, Gtfs_Trip_2, Gtfs_Trip_3, Gtfs_Trip_4...
stif_trip,stif_filename,stif_trip_record_line_num, Gtfs_Trip_1, Gtfs_Trip_2, Gtfs_Trip_3, Gtfs_Trip_4...
stif_trip,stif_filename,stif_trip_record_line_num, Gtfs_Trip_1, Gtfs_Trip_2, Gtfs_Trip_3, Gtfs_Trip_4...
stif_trip,stif_filename,stif_trip_record_line_num, Gtfs_Trip_1, Gtfs_Trip_2, Gtfs_Trip_3, Gtfs_Trip_4...
stif_trip,stif_filename,stif_trip_record_line_num, Gtfs_Trip_1, Gtfs_Trip_2, Gtfs_Trip_3, Gtfs_Trip_4...
stif_trip,stif_filename,stif_trip_record_line_num, Gtfs_Trip_1, Gtfs_Trip_2, Gtfs_Trip_3, Gtfs_Trip_4...
stif_trip,stif_filename,stif_trip_record_line_num, Gtfs_Trip_1, Gtfs_Trip_2, Gtfs_Trip_3, Gtfs_Trip_4...
stif_trip,stif_filename,stif_trip_record_line_num, Gtfs_Trip_1, Gtfs_Trip_2, Gtfs_Trip_3, Gtfs_Trip_4...
stif_trip,stif_filename,stif_trip_record_line_num, Gtfs_Trip_1, Gtfs_Trip_2, Gtfs_Trip_3, Gtfs_Trip_4...
stif_trip,stif_filename,stif_trip_record_line_num, Gtfs_Trip_1, Gtfs_Trip_2, Gtfs_Trip_3, Gtfs_Trip_4...
stif_trip,stif_filename,stif_trip_record_line_num, Gtfs_Trip_1, Gtfs_Trip_2, Gtfs_Trip_3, Gtfs_Trip_4...
stif_trip,stif_filename,stif_trip_record_line_num, Gtfs_Trip_1, Gtfs_Trip_2, Gtfs_Trip_3, Gtfs_Trip_4...
stif_trip,stif_filename,stif_trip_record_line_num, Gtfs_Trip_1, Gtfs_Trip_2, Gtfs_Trip_3, Gtfs_Trip_4...
stif_trip,stif_filename,stif_trip_record_line_num, Gtfs_Trip_1, Gtfs_Trip_2, Gtfs_Trip_3, Gtfs_Trip_4...
stif_trip,stif_filename,stif_trip_record_line_num, Gtfs_Trip_1, Gtfs_Trip_2, Gtfs_Trip_3, Gtfs_Trip_4...
